time,latitude,longitude,depth,mag,magType,nst,gap,dmin,rms,net,id,updated,place,type,horizontalError,depthError,magError,magNst,status,locationSource,magSource
2000-09-26T07:20:49.790Z,37.5713348,-118.8816681,-1.68,3.82,ml,37,194,0.06903,1.99,ci,ci9570961,2016-04-02T16:50:24.847Z,"11km SE of Mammoth Lakes, CA",earthquake,11.06,20.55,0.264,27,automatic,ci,ci
2000-12-21T13:05:00.000Z,-3.221,150.758,25,5.5,mw,,,,,iscgem,iscgem3265188,2015-05-13T18:53:43.000Z,"New Ireland region, Papua New Guinea",earthquake,,,,,automatic,iscgem,iscgem
2003-05-22T23:48:57.290Z,36.723999,-121.3050003,6.279,3.78,ml,43,280,,0.54,ci,ci13965956,2020-02-12T17:13:43.371Z,"11km SSE of Ridgemark, CA",earthquake,15.54,19.23,0.285,9,automatic,ci,ci
2003-11-06T22:04:13.230Z,37.2046661,-121.6681671,-0.334,3.68,ml,27,136,,0.29,ci,ci14002288,2020-02-12T16:57:31.644Z,"8km N of Morgan Hill, CA",earthquake,0.87,1.8,0.034,1,automatic,ci,ci
2004-01-01T11:13:29.380Z,35.713,-121.0521667,5.252,3.78,ml,51,72,0.1171,0.09,nc,nc21328398,2017-01-06T23:51:48.400Z,"Central California",earthquake,0.16,0.73,,11,automatic,nc,nc
2004-01-02T06:40:20.710Z,35.6408333,-121.08,3.407,3.73,ml,47,98,0.04234,0.11,nc,nc21329065,2017-01-06T23:58:39.760Z,"Central California",earthquake,0.16,0.46,,6,automatic,nc,nc
2004-01-02T10:53:39.860Z,35.6948333,-121.1436667,6.202,3.58,ml,43,65,0.01532,0.08,nc,nc30500603,2017-01-07T00:01:16.040Z,"Central California",earthquake,0.15,0.63,,1,automatic,nc,nc
2004-01-04T05:43:51.440Z,35.6471667,-121.0913333,4.106,3.65,ml,58,110,0.04685,0.07,nc,nc21330730,2017-01-07T00:23:16.910Z,"Central California",earthquake,0.14,0.35,,7,automatic,nc,nc
2004-01-04T23:17:15.460Z,35.684,-121.1008333,6.73,3.53,ml,60,105,0.08378,0.07,nc,nc21331022,2017-01-07T00:28:50.870Z,"Central California",earthquake,0.15,0.61,,7,automatic,nc,nc
2004-01-05T10:24:50.760Z,35.7151667,-121.045,4.522,3.51,ml,47,50,0.09459,0.11,nc,nc21331136,2017-01-07T00:32:40.260Z,"Central California",earthquake,0.16,0.54,,1,automatic,nc,nc
2004-01-06T06:39:29.950Z,35.6328333,-121.0806667,4.744,3.83,ml,55,98,0.03423,0.08,nc,nc21330775,2017-01-07T00:39:33.430Z,"Central California",earthquake,0.16,0.39,,11,automatic,nc,nc
2004-01-06T18:28:38.160Z,35.7198333,-121.089,6.26,3.93,ml,60,84,0.1081,0.09,nc,nc21331252,2018-07-09T18:20:34.169Z,"Central California",earthquake,0.15,0.64,,13,automatic,nc,nc
2004-01-09T00:07:34.070Z,35.6701667,-121.1121667,4.32,3.52,ml,57,120,0.07117,0.06,nc,nc21332079,2017-01-07T00:58:09.710Z,"Central California",earthquake,0.12,0.4,,8,automatic,nc,nc
2004-01-10T04:09:31.620Z,35.5148333,-120.9323333,2.928,3.53,ml,58,89,0.02793,0.11,nc,nc21332304,2017-01-07T01:04:11.660Z,"Central California",earthquake,0.16,0.31,,9,automatic,nc,nc
2004-01-13T01:14:27.420Z,37.5116667,-118.8396667,1.508,3.84,ml,42,119,0.1009,0.05,nc,nc21333442,2017-03-17T17:48:12.806Z,"Central California",earthquake,0.22,0.79,,19,automatic,nc,nc
2004-01-14T01:09:15.770Z,35.5753333,-120.7971667,1.078,3.68,ml,52,46,0.0982,0.08,nc,nc21333767,2018-07-09T18:20:55.592Z,"Central California",earthquake,0.15,1.41,,9,automatic,nc,nc
2004-02-10T08:09:21.470Z,35.6768333,-121.1121667,4.649,3.5,ml,60,116,0.07748,0.09,nc,nc21341724,2017-01-07T03:37:10.950Z,"Central California",earthquake,0.16,0.66,,7,automatic,nc,nc
2004-02-27T08:33:05.200Z,35.5768333,-120.8618333,3.296,3.82,ml,62,41,0.05676,0.09,nc,nc21346462,2018-07-09T18:25:20.391Z,"Central California",earthquake,0.13,0.52,,9,automatic,nc,nc
2004-03-17T07:50:03.540Z,35.6685,-121.1166667,5.243,3.51,ml,55,124,0.07027,0.09,nc,nc21351142,2017-01-07T06:55:37.660Z,"Central California",earthquake,0.16,0.45,,2,automatic,nc,nc
2004-03-17T23:53:07.280Z,35.7306667,-121.075,4.271,4.51,mw,67,46,0.06036,0.09,nc,nc21351360,2020-05-06T06:53:37.080Z,"Central California",earthquake,0.15,0.46,,7,automatic,nc,nc
2004-03-18T10:26:52.740Z,35.7233333,-121.071,4.785,3.63,mw,62,50,0.06577,0.1,nc,nc21351534,2017-03-17T17:51:34.373Z,"Central California",earthquake,0.13,0.38,,2,automatic,nc,nc
2004-06-03T08:54:46.230Z,39.3335,-120.0083333,2.991,4.2,mw,43,120,0.04144,0.08,nc,nc21368407,2020-05-06T06:54:02.236Z,"9km NNW of Incline Village, Nevada",earthquake,0.24,0.91,,4,automatic,nc,nc
2004-06-03T20:55:24.950Z,38.8263333,-122.8031667,3.398,3.52,ml,57,31,0.01982,0.08,nc,nc21368599,2018-07-09T18:30:17.197Z,"Northern California",earthquake,0.15,0.3,,14,automatic,nc,nc
2004-06-05T02:46:51.110Z,35.5415,-121.3056667,1.142,3.53,mw,72,202,0.1694,0.12,nc,nc21368984,2017-01-07T15:00:33.640Z,"offshore Central California",earthquake,0.34,1.49,,3,automatic,nc,nc
2004-06-06T08:40:52.380Z,35.5423333,-121.3045,1.752,3.72,mw,71,202,0.1685,0.08,nc,nc21369286,2017-03-17T17:54:37.933Z,"offshore Central California",earthquake,0.35,1.02,,3,automatic,nc,nc
2004-06-12T14:49:41.810Z,39.4073333,-120.213,-0.184,3.65,ml,24,60,0.1,0.08,nc,nc21370352,2018-04-24T21:13:08.726Z,"9km NNW of Truckee, California",earthquake,0.23,2.36,,14,automatic,nc,nc
2004-07-13T23:45:45.760Z,35.7301667,-121.0603333,4.7,3.92,mw,72,72,0.07117,0.11,nc,nc21377965,2018-07-09T18:31:10.409Z,"Central California",earthquake,0.17,0.64,,3,automatic,nc,nc
2004-07-27T03:38:17.070Z,35.7181667,-121.054,4.82,3.7,mw,69,72,0.07117,0.1,nc,nc21383395,2017-03-17T17:56:09.017Z,"Central California",earthquake,0.15,0.56,,3,automatic,nc,nc
2004-09-18T07:07:10.510Z,38.0091667,-118.675,3.445,3.5,mw,45,74,0.05135,0.08,nc,nc30506171,2018-04-24T21:16:54.730Z,"47km NNE of Mammoth Lakes, California",earthquake,0.22,0.6,,2,automatic,nc,nc
2004-09-28T17:35:17.810Z,35.947,-120.4895,9.525,3.55,ml,21,156,0.01171,0.03,nc,nc30506251,2017-03-17T19:51:16.892Z,"Central California",earthquake,0.28,0.28,,17,automatic,nc,nc
2004-10-29T18:02:55.210Z,38.8176667,-122.7911667,2.509,3.98,mw,57,41,0.009009,0.1,nc,nc21415559,2019-06-28T18:47:56.697Z,"Northern California",earthquake,0.17,0.22,,5,automatic,nc,nc
2004-12-26T07:51:17.000Z,7.808,93.428,25,6,mw,,,,,iscgem,iscgem7453859,2015-05-13T18:53:48.000Z,"Nicobar Islands, India region",earthquake,,,,,automatic,iscgem,iscgem
2005-07-25T09:42:52.370Z,37.1156667,-119.5751667,1.987,3.64,ml,18,213,0.673,0.22,nc,nc30506986,2017-03-17T19:52:22.060Z,"Central California",earthquake,2.56,2.78,,9,automatic,nc,nc
2006-05-11T00:14:56.000Z,-57.25,-142.25,10,4.9,mwc,,,,,gcmt,gcmtc200605110014a,2016-11-10T01:22:06.485Z,"Pacific-Antarctic Ridge",earthquake,,,,,automatic,gcmt,gcmt
2006-06-05T18:02:32.000Z,0.75,-85.25,10,5.1,mwc,,,,,gcmt,gcmtc200606051802a,2016-11-10T01:23:31.209Z,"off the coast of Ecuador",earthquake,,,,,automatic,gcmt,gcmt
2006-06-11T18:36:56.000Z,-57.25,-141.25,10,5,mwc,,,,,gcmt,gcmtc200606111836a,2016-11-10T01:23:43.575Z,"Pacific-Antarctic Ridge",earthquake,,,,,automatic,gcmt,gcmt
2006-06-12T00:43:12.000Z,-53.25,-117.75,10,5.1,mwc,,,,,gcmt,gcmtc200606120043a,2016-11-10T01:23:44.698Z,"southern East Pacific Rise",earthquake,,,,,automatic,gcmt,gcmt
2006-07-03T18:45:36.000Z,-24.5,-115.5,10,4.9,mwc,,,,,gcmt,gcmtc200607031845a,2016-11-10T01:25:01.891Z,"southern East Pacific Rise",earthquake,,,,,automatic,gcmt,gcmt
2006-07-03T19:49:36.000Z,-15.25,-174.25,10,4.9,mwc,,,,,gcmt,gcmtc200607031949a,2016-11-10T01:25:02.359Z,"Tonga",earthquake,,,,,automatic,gcmt,gcmt
2006-07-20T14:43:20.000Z,-17.75,-13.25,10,4.9,mwc,,,,,gcmt,gcmtc200607201443a,2016-11-10T01:25:56.621Z,"southern Mid-Atlantic Ridge",earthquake,,,,,automatic,gcmt,gcmt
2006-07-27T07:12:56.000Z,-41.5,-90.5,10,5.1,mwc,,,,,gcmt,gcmtc200607270712a,2016-11-10T01:26:10.702Z,"southeast of Easter Island",earthquake,,,,,automatic,gcmt,gcmt
2006-08-11T18:07:36.000Z,-19.5,-175.5,10,5.1,mwc,,,,,gcmt,gcmtc200608111807a,2016-11-10T01:26:47.534Z,"Tonga",earthquake,,,,,automatic,gcmt,gcmt
2006-09-04T14:27:44.000Z,-35,-15,10,4.8,mwc,,,,,gcmt,gcmtc200609041427a,2016-11-10T01:27:54.613Z,"Tristan da Cunha region",earthquake,,,,,automatic,gcmt,gcmt
2006-09-08T00:47:12.000Z,-36.25,-104.25,10,5.2,mwc,,,,,gcmt,gcmtc200609080047a,2016-11-10T01:28:01.171Z,"southeast of Easter Island",earthquake,,,,,automatic,gcmt,gcmt
2006-09-15T06:37:04.000Z,-50.25,-115.75,10,5.2,mwc,,,,,gcmt,gcmtc200609150637a,2016-11-10T01:28:14.382Z,"southern East Pacific Rise",earthquake,,,,,automatic,gcmt,gcmt
2006-09-26T11:10:24.000Z,-6.5,-11.5,10,4.8,mwc,,,,,gcmt,gcmtc200609261110a,2016-11-10T01:28:40.387Z,"Ascension Island region",earthquake,,,,,automatic,gcmt,gcmt
2006-10-04T02:32:56.000Z,-35.5,-105.5,10,4.9,mwc,,,,,gcmt,gcmtc200610040232a,2016-11-10T01:29:10.271Z,"southern East Pacific Rise",earthquake,,,,,automatic,gcmt,gcmt
2006-10-04T07:40:16.000Z,-35.25,-108.25,10,5,mwc,,,,,gcmt,gcmtc200610040740a,2016-11-10T01:29:11.948Z,"southern East Pacific Rise",earthquake,,,,,automatic,gcmt,gcmt
2006-10-19T23:50:32.000Z,-35,-109,10,4.9,mwc,,,,,gcmt,gcmtc200610192350a,2016-11-10T01:29:56.011Z,"southern East Pacific Rise",earthquake,,,,,automatic,gcmt,gcmt
2006-11-09T14:24:24.000Z,-35,-15,10,5,mwc,,,,,gcmt,gcmtc200611091424a,2016-11-10T01:30:43.039Z,"Tristan da Cunha region",earthquake,,,,,automatic,gcmt,gcmt
2006-12-01T01:31:36.000Z,-29.75,-112.25,10,5.1,mwc,,,,,gcmt,gcmtc200612010131a,2016-11-10T01:31:58.203Z,"Easter Island region",earthquake,,,,,automatic,gcmt,gcmt
2006-12-24T21:37:36.000Z,-28.75,-112.75,10,5,mwc,,,,,gcmt,gcmtc200612242137a,2016-11-10T01:32:42.070Z,"Easter Island region",earthquake,,,,,automatic,gcmt,gcmt
2006-12-30T17:39:20.000Z,-49.75,-115.75,10,5.2,mwc,,,,,gcmt,gcmtc200612301739a,2016-11-10T01:32:50.642Z,"southern East Pacific Rise",earthquake,,,,,automatic,gcmt,gcmt
2007-01-06T05:39:52.000Z,-60,150,10,5,mwc,,,,,gcmt,gcmtc200701060539a,2016-11-10T01:33:05.879Z,"west of Macquarie Island",earthquake,,,,,automatic,gcmt,gcmt
2007-01-15T01:43:28.000Z,-41.75,-86.75,10,4.9,mwc,,,,,gcmt,gcmtc200701150143a,2016-11-10T01:33:35.222Z,"West Chile Rise",earthquake,,,,,automatic,gcmt,gcmt
2007-01-18T18:20:40.000Z,23.75,123.75,10,4.9,mwc,,,,,gcmt,gcmtc200701181820a,2016-11-10T01:33:54.570Z,"southwestern Ryukyu Islands, Japan",earthquake,,,,,automatic,gcmt,gcmt
2007-01-19T00:03:28.000Z,23.75,123.25,10,4.8,mwc,,,,,gcmt,gcmtc200701190003a,2016-11-10T01:33:56.388Z,"southwestern Ryukyu Islands, Japan",earthquake,,,,,automatic,gcmt,gcmt
2007-01-22T21:40:16.000Z,-17.75,176.25,10,4.9,mwc,,,,,gcmt,gcmtc200701222140a,2016-11-10T01:34:16.163Z,"Fiji region",earthquake,,,,,automatic,gcmt,gcmt
2007-01-29T04:12:08.000Z,-41.75,-91.75,10,5.1,mwc,,,,,gcmt,gcmtc200701290412a,2016-11-10T01:34:45.557Z,"southeast of Easter Island",earthquake,,,,,automatic,gcmt,gcmt
2007-02-06T14:32:08.000Z,-56.25,-123.75,10,5,mwc,,,,,gcmt,gcmtc200702061432a,2016-11-10T01:35:11.326Z,"southern East Pacific Rise",earthquake,,,,,automatic,gcmt,gcmt
2007-02-07T09:41:04.000Z,-56.25,-123.25,10,4.8,mwc,,,,,gcmt,gcmtc200702070941a,2016-11-10T01:35:11.952Z,"southern East Pacific Rise",earthquake,,,,,automatic,gcmt,gcmt
2007-02-21T17:09:12.000Z,-24.25,-115.75,10,4.8,mwc,,,,,gcmt,gcmtc200702211709a,2016-11-10T01:35:58.155Z,"southern East Pacific Rise",earthquake,,,,,automatic,gcmt,gcmt
2007-03-14T06:10:16.000Z,-3.5,149.5,10,5.2,mwc,,,,,gcmt,gcmtc200703140610a,2016-11-10T01:36:56.105Z,"Bismarck Sea",earthquake,,,,,automatic,gcmt,gcmt
2007-03-22T10:41:12.000Z,-16.5,177.5,10,4.9,mwc,,,,,gcmt,gcmtc200703221041a,2016-11-10T01:37:09.774Z,"Fiji",earthquake,,,,,automatic,gcmt,gcmt
2007-04-07T23:46:08.000Z,-41.75,-89.75,10,5.1,mwc,,,,,gcmt,gcmtc200704072346a,2016-11-10T01:38:12.191Z,"southeast of Easter Island",earthquake,,,,,automatic,gcmt,gcmt
2007-04-15T17:05:28.000Z,-36.75,-97.75,10,5.1,mwc,,,,,gcmt,gcmtc200704151705a,2016-11-10T01:38:44.727Z,"West Chile Rise",earthquake,,,,,automatic,gcmt,gcmt
2007-05-12T10:16:56.000Z,-49.75,-116.75,10,5.2,mwc,,,,,gcmt,gcmtc200705121016a,2016-11-10T01:40:02.757Z,"southern East Pacific Rise",earthquake,,,,,automatic,gcmt,gcmt
2007-05-27T02:59:12.000Z,-35.75,-17.25,10,5,mwc,,,,,gcmt,gcmtc200705270259a,2016-11-10T01:40:30.974Z,"southern Mid-Atlantic Ridge",earthquake,,,,,automatic,gcmt,gcmt
2007-06-13T03:08:32.000Z,-61.5,154.5,10,5,mwc,,,,,gcmt,gcmtc200706130308a,2016-11-10T01:41:05.172Z,"Balleny Islands region",earthquake,,,,,automatic,gcmt,gcmt
2007-08-09T18:59:12.000Z,-50.25,-115.75,10,5.1,mwc,,,,,gcmt,gcmtc200708091859a,2016-11-10T01:43:22.538Z,"southern East Pacific Rise",earthquake,,,,,automatic,gcmt,gcmt
2007-10-05T03:52:24.000Z,-15.25,-175.25,10,5.1,mwc,,,,,gcmt,gcmtc200710050352a,2016-11-10T01:46:29.998Z,"Tonga",earthquake,,,,,automatic,gcmt,gcmt
2007-11-05T20:58:48.000Z,-63.5,171.5,10,5.2,mwc,,,,,gcmt,gcmtc200711052058a,2016-11-10T01:47:43.383Z,"Balleny Islands region",earthquake,,,,,automatic,gcmt,gcmt
2008-01-18T05:36:56.000Z,-41.25,-90.25,10,5.1,mwc,,,,,gcmt,gcmtc200801180536a,2016-11-10T01:50:46.576Z,"southeast of Easter Island",earthquake,,,,,automatic,gcmt,gcmt
2008-01-19T20:57:28.000Z,-35.25,-111.75,10,5,mwc,,,,,gcmt,gcmtc200801192057a,2016-11-10T01:50:50.916Z,"southern East Pacific Rise",earthquake,,,,,automatic,gcmt,gcmt
2008-01-23T13:00:32.000Z,-60.25,-151.25,10,5,mwc,,,,,gcmt,gcmtc200801231300a,2016-11-10T01:51:02.092Z,"Pacific-Antarctic Ridge",earthquake,,,,,automatic,gcmt,gcmt
2008-02-03T02:00:56.000Z,-51.75,160.75,10,5.2,mwc,,,,,gcmt,gcmtc200802030201a,2016-11-10T01:51:24.281Z,"north of Macquarie Island",earthquake,,,,,automatic,gcmt,gcmt
2008-02-04T04:46:00.000Z,-53.25,-117.75,10,5,mwc,,,,,gcmt,gcmtc200802040446a,2016-11-10T01:51:28.870Z,"southern East Pacific Rise",earthquake,,,,,automatic,gcmt,gcmt
2008-02-11T23:20:24.000Z,-15.5,-174.5,10,5,mwc,,,,,gcmt,gcmtc200802112320a,2016-11-10T01:51:44.514Z,"Tonga",earthquake,,,,,automatic,gcmt,gcmt
2008-03-05T17:00:40.000Z,-39.5,-15.5,10,4.9,mwc,,,,,gcmt,gcmtc200803051700a,2016-11-10T01:52:44.574Z,"Tristan da Cunha region",earthquake,,,,,automatic,gcmt,gcmt
2008-03-19T10:16:16.000Z,-47,-13,10,5,mwc,,,,,gcmt,gcmtc200803191016a,2016-11-10T01:53:15.047Z,"southern Mid-Atlantic Ridge",earthquake,,,,,automatic,gcmt,gcmt
2008-03-24T18:23:44.000Z,-49.75,-115.75,10,5.3,mwc,,,,,gcmt,gcmtc200803241823a,2016-11-10T01:53:30.992Z,"southern East Pacific Rise",earthquake,,,,,automatic,gcmt,gcmt
2008-03-31T08:33:12.000Z,-62.5,165.5,10,5.4,mwc,,,,,gcmt,gcmtc200803310833a,2016-11-10T01:53:49.259Z,"Balleny Islands region",earthquake,,,,,automatic,gcmt,gcmt
2008-04-01T05:51:52.000Z,-41.75,-88.25,10,4.9,mwc,,,,,gcmt,gcmtc200804010552a,2016-11-10T01:53:52.566Z,"West Chile Rise",earthquake,,,,,automatic,gcmt,gcmt
2008-04-16T20:28:48.000Z,-17.25,-12.75,10,5,mwc,,,,,gcmt,gcmtc200804162028a,2016-11-10T01:54:46.404Z,"southern Mid-Atlantic Ridge",earthquake,,,,,automatic,gcmt,gcmt
2008-04-25T18:44:00.000Z,-15.25,-174.75,10,4.9,mwc,,,,,gcmt,gcmtc200804251844a,2016-11-10T01:55:11.516Z,"Tonga",earthquake,,,,,automatic,gcmt,gcmt
2008-06-02T01:37:20.000Z,-37.75,-17.25,10,4.9,mwc,,,,,gcmt,gcmtc200806020137a,2016-11-10T01:56:48.264Z,"southern Mid-Atlantic Ridge",earthquake,,,,,automatic,gcmt,gcmt
2008-06-02T14:07:20.000Z,-35.75,-107.25,10,4.9,mwc,,,,,gcmt,gcmtc200806021407a,2016-11-10T01:56:50.802Z,"southern East Pacific Rise",earthquake,,,,,automatic,gcmt,gcmt
2008-06-29T14:32:48.000Z,-42.25,-89.25,10,4.9,mwc,,,,,gcmt,gcmtc200806291432a,2016-11-10T01:58:04.186Z,"southeast of Easter Island",earthquake,,,,,automatic,gcmt,gcmt
2008-07-16T15:49:12.000Z,8.75,-102.75,10,4.9,mwc,,,,,gcmt,gcmtc200807161549a,2016-11-10T01:58:49.512Z,"northern East Pacific Rise",earthquake,,,,,automatic,gcmt,gcmt
2008-07-23T03:59:28.000Z,-55.75,-125.25,10,5,mwc,,,,,gcmt,gcmtc200807230359a,2016-11-10T01:59:09.147Z,"southern East Pacific Rise",earthquake,,,,,automatic,gcmt,gcmt
2008-07-23T12:55:04.000Z,-14.75,-176.75,10,5,mwc,,,,,gcmt,gcmtc200807231255a,2016-11-10T01:59:10.869Z,"Fiji region",earthquake,,,,,automatic,gcmt,gcmt
2008-08-10T11:53:52.000Z,-60.5,153.5,10,5.1,mwc,,,,,gcmt,gcmtc200808101153a,2016-11-10T01:59:58.863Z,"west of Macquarie Island",earthquake,,,,,automatic,gcmt,gcmt
2008-08-15T16:18:24.000Z,-41.75,84.75,10,5,mwc,,,,,gcmt,gcmtc200808151618a,2016-11-10T02:00:14.584Z,"southeast Indian Ridge",earthquake,,,,,automatic,gcmt,gcmt
2008-09-22T12:36:56.000Z,-55.25,-136.25,10,5,mwc,,,,,gcmt,gcmtc200809221237a,2016-11-10T02:01:55.699Z,"Pacific-Antarctic Ridge",earthquake,,,,,automatic,gcmt,gcmt
2008-10-27T23:23:45.000Z,-17.15,177.89,66.3,5.3,mwc,,,,,gcmt,gcmtc200810272323a,2016-11-10T02:03:15.826Z,"Fiji",earthquake,,,,,automatic,gcmt,gcmt
2008-10-28T19:59:12.000Z,-35.75,-104.75,10,5,mwc,,,,,gcmt,gcmtc200810281959a,2016-11-10T02:03:18.223Z,"southeast of Easter Island",earthquake,,,,,automatic,gcmt,gcmt
2008-11-18T20:01:44.000Z,-37.75,-94.75,10,5,mwc,,,,,gcmt,gcmtc200811182001a,2016-11-10T02:04:23.013Z,"West Chile Rise",earthquake,,,,,automatic,gcmt,gcmt
2009-01-19T08:59:28.000Z,-39.25,-15.25,10,5,mwc,,,,,gcmt,gcmtc200901190859a,2016-11-10T02:06:51.238Z,"Tristan da Cunha region",earthquake,,,,,automatic,gcmt,gcmt
2009-02-06T19:37:28.000Z,-57.25,-143.25,10,5.2,mwc,,,,,gcmt,gcmtc200902061937a,2016-11-10T02:07:30.683Z,"Pacific-Antarctic Ridge",earthquake,,,,,automatic,gcmt,gcmt
2009-02-12T20:21:44.000Z,-55,-129,10,5.1,mwc,,,,,gcmt,gcmtc200902122021a,2016-11-10T02:07:46.855Z,"Pacific-Antarctic Ridge",earthquake,,,,,automatic,gcmt,gcmt
2009-03-07T09:41:04.000Z,-15.5,-174.5,10,4.9,mwc,,,,,gcmt,gcmtc200903070941a,2016-11-10T02:09:06.457Z,"Tonga",earthquake,,,,,automatic,gcmt,gcmt
2009-05-23T09:03:20.000Z,-62.5,165.5,10,5,mwc,,,,,gcmt,gcmtc200905230903a,2016-11-10T02:12:16.579Z,"Balleny Islands region",earthquake,,,,,automatic,gcmt,gcmt
2009-05-27T00:02:48.000Z,-54.25,-133.75,10,5.2,mwc,,,,,gcmt,gcmtc200905270002a,2016-11-10T02:12:29.001Z,"Pacific-Antarctic Ridge",earthquake,,,,,automatic,gcmt,gcmt
2009-06-12T04:51:20.000Z,-49.75,-116.25,10,4.9,mwc,,,,,gcmt,gcmtc200906120451a,2016-11-10T02:13:15.444Z,"southern East Pacific Rise",earthquake,,,,,automatic,gcmt,gcmt
2009-06-19T17:54:40.000Z,-53.75,6.75,10,5.1,mwc,,,,,gcmt,gcmtc200906191754a,2016-11-10T02:13:35.948Z,"Bouvet Island region",earthquake,,,,,automatic,gcmt,gcmt
2009-06-26T16:49:20.000Z,-36.25,-102.25,10,5,mwc,,,,,gcmt,gcmtc200906261649a,2016-11-10T02:13:53.661Z,"southeast of Easter Island",earthquake,,,,,automatic,gcmt,gcmt
2009-07-19T07:16:48.000Z,-15,-173,10,5.2,mwc,,,,,gcmt,gcmtc200907190716a,2016-11-10T02:14:55.235Z,"Samoa Islands region",earthquake,,,,,automatic,gcmt,gcmt
2009-08-13T12:14:48.000Z,-57.25,-141.75,10,5.2,mwc,,,,,gcmt,gcmtc200908131214a,2016-11-10T02:16:01.328Z,"Pacific-Antarctic Ridge",earthquake,,,,,automatic,gcmt,gcmt
2009-08-18T20:07:36.000Z,19.75,-109.25,10,4.9,mwc,,,,,gcmt,gcmtc200908182007a,2016-11-10T02:16:17.010Z,"Revilla Gigedo Islands region",earthquake,,,,,automatic,gcmt,gcmt
2009-08-26T03:57:20.000Z,-9.25,-108.75,10,5.1,mwc,,,,,gcmt,gcmtc200908260357a,2016-11-10T02:16:32.678Z,"central East Pacific Rise",earthquake,,,,,automatic,gcmt,gcmt
2009-09-01T18:02:00.000Z,-62.5,154.5,10,5.2,mwc,,,,,gcmt,gcmtc200909011802a,2016-11-10T02:16:48.245Z,"Balleny Islands region",earthquake,,,,,automatic,gcmt,gcmt
2009-10-01T17:39:28.000Z,-15.25,-175.75,10,4.9,mwc,,,,,gcmt,gcmtc200910011739a,2016-11-10T02:17:46.352Z,"Tonga",earthquake,,,,,automatic,gcmt,gcmt
2009-10-03T14:02:16.000Z,-14.75,-175.75,10,4.9,mwc,,,,,gcmt,gcmtc200910031402a,2016-11-10T02:17:57.517Z,"Samoa Islands region",earthquake,,,,,automatic,gcmt,gcmt
2009-10-09T04:15:20.000Z,-58.25,-14.75,10,5,mwc,,,,,gcmt,gcmtc200910090414a,2016-11-10T02:18:23.659Z,"east of the South Sandwich Islands",earthquake,,,,,automatic,gcmt,gcmt
2009-10-12T17:38:48.000Z,15.25,-105.25,10,4.9,mwc,,,,,gcmt,gcmtc200910121738a,2016-11-10T02:18:44.235Z,"off the coast of Michoacan, Mexico",earthquake,,,,,automatic,gcmt,gcmt
2009-10-12T20:10:00.000Z,15.75,-105.25,10,5.1,mwc,,,,,gcmt,gcmtc200910122009a,2016-11-10T02:18:45.928Z,"off the coast of Michoacan, Mexico",earthquake,,,,,automatic,gcmt,gcmt
2009-10-22T11:43:44.000Z,-49.75,-116.25,10,5.4,mwc,,,,,gcmt,gcmtc200910221143a,2016-11-10T02:19:25.142Z,"southern East Pacific Rise",earthquake,,,,,automatic,gcmt,gcmt
2009-10-24T11:44:32.000Z,-37.75,-94.75,10,4.9,mwc,,,,,gcmt,gcmtc200910241144a,2016-11-10T02:19:30.493Z,"West Chile Rise",earthquake,,,,,automatic,gcmt,gcmt
2009-10-27T12:01:28.000Z,-14.5,-176.5,10,5,mwc,,,,,gcmt,gcmtc200910271201a,2016-11-10T02:19:38.167Z,"Fiji region",earthquake,,,,,automatic,gcmt,gcmt
2009-10-27T14:59:04.000Z,-41.75,-87.75,10,5.2,mwc,,,,,gcmt,gcmtc200910271459a,2016-11-10T02:19:39.384Z,"West Chile Rise",earthquake,,,,,automatic,gcmt,gcmt
2009-11-05T06:00:40.000Z,-17.75,-176.25,10,5,mwc,,,,,gcmt,gcmtc200911050600a,2016-11-10T02:19:58.246Z,"Fiji region",earthquake,,,,,automatic,gcmt,gcmt
2009-11-05T06:11:52.000Z,-17.75,-176.25,10,5,mwc,,,,,gcmt,gcmtc200911050611a,2016-11-10T02:19:59.374Z,"Fiji region",earthquake,,,,,automatic,gcmt,gcmt
2009-11-09T07:42:48.000Z,35.75,-36.25,10,4.9,mwc,,,,,gcmt,gcmtc200911090742a,2016-11-10T02:20:12.174Z,"northern Mid-Atlantic Ridge",earthquake,,,,,automatic,gcmt,gcmt
2009-11-12T12:59:44.000Z,-36.25,-103.25,10,4.9,mwc,,,,,gcmt,gcmtc200911121259a,2016-11-10T02:20:17.780Z,"southeast of Easter Island",earthquake,,,,,automatic,gcmt,gcmt
2009-11-13T20:40:32.000Z,-38.5,-15.5,10,5.1,mwc,,,,,gcmt,gcmtc200911132040a,2016-11-10T02:20:21.474Z,"Tristan da Cunha region",earthquake,,,,,automatic,gcmt,gcmt
2009-11-13T21:46:40.000Z,2.25,-100.75,10,4.9,mwc,,,,,gcmt,gcmtc200911132146a,2016-11-10T02:20:22.464Z,"Galapagos Triple Junction region",earthquake,,,,,automatic,gcmt,gcmt
2009-11-15T14:06:24.000Z,53.5,-35.5,10,4.9,mwc,,,,,gcmt,gcmtc200911151406a,2016-11-10T02:20:29.250Z,"Reykjanes Ridge",earthquake,,,,,automatic,gcmt,gcmt
2009-11-18T13:16:00.000Z,-54.25,6.25,10,4.8,mwc,,,,,gcmt,gcmtc200911181316a,2016-11-10T02:20:36.000Z,"Bouvet Island region",earthquake,,,,,automatic,gcmt,gcmt
2009-11-24T17:45:12.000Z,-45.5,-80.5,10,5.1,mwc,,,,,gcmt,gcmtc200911241745a,2016-11-10T02:20:47.583Z,"off the coast of Aisen, Chile",earthquake,,,,,automatic,gcmt,gcmt
2009-12-05T14:06:24.000Z,-36.75,-99.75,10,5.1,mwc,,,,,gcmt,gcmtc200912051406a,2016-11-10T02:21:15.405Z,"southeast of Easter Island",earthquake,,,,,automatic,gcmt,gcmt
2009-12-11T09:17:52.000Z,-16.75,177.25,10,4.9,mwc,,,,,gcmt,gcmtc200912110917a,2016-11-10T02:21:29.618Z,"Fiji",earthquake,,,,,automatic,gcmt,gcmt
2009-12-24T00:23:31.000Z,42.126,135.008,395,5.7,mw,,,,,iscgem,iscgem17576175,2016-08-18T14:33:44.869Z,"Sea of Japan",earthquake,,,,,automatic,iscgem,iscgem
2010-01-07T03:11:20.000Z,-56.75,-143.75,10,5.3,mwc,,,,,gcmt,gcmtc201001070311a,2016-11-10T02:22:27.828Z,"Pacific-Antarctic Ridge",earthquake,,,,,automatic,gcmt,gcmt
2010-02-27T10:30:10.000Z,-37.878,-73.545,20,6,mw,,,,,iscgem,iscgem600697919,2020-07-09T22:25:59.652Z,"offshore Bio-Bio, Chile",earthquake,,,,,automatic,iscgem,iscgem
2010-03-09T21:28:08.000Z,-59.25,149.25,10,5,mwc,,,,,gcmt,gcmtc201003092128a,2016-11-10T02:25:28.143Z,"west of Macquarie Island",earthquake,,,,,automatic,gcmt,gcmt
2010-03-17T20:27:04.000Z,-42.5,-83.5,10,5,mwc,,,,,gcmt,gcmtc201003172027a,2016-11-10T02:25:56.269Z,"West Chile Rise",earthquake,,,,,automatic,gcmt,gcmt
2010-05-01T17:04:16.000Z,60.25,-175.75,10,4.9,mwc,,,,,gcmt,gcmtc201005011704a,2016-11-10T02:27:41.104Z,"Bering Sea",earthquake,,,,,automatic,gcmt,gcmt
2010-05-02T02:21:12.000Z,-24.75,-115.75,10,4.9,mwc,,,,,gcmt,gcmtc201005020221a,2016-11-10T02:27:43.164Z,"southern East Pacific Rise",earthquake,,,,,automatic,gcmt,gcmt
2010-05-06T09:46:48.000Z,-55.25,-128.25,10,5,mwc,,,,,gcmt,gcmtc201005060946a,2016-11-10T02:27:54.647Z,"Pacific-Antarctic Ridge",earthquake,,,,,automatic,gcmt,gcmt
2010-05-21T15:56:32.000Z,-39.75,-91.75,10,5,mwc,,,,,gcmt,gcmtc201005211556a,2016-11-10T02:28:32.443Z,"West Chile Rise",earthquake,,,,,automatic,gcmt,gcmt
2010-06-01T02:05:36.000Z,-45,-81,10,4.9,mwc,,,,,gcmt,gcmtc201006010205a,2016-11-10T02:28:56.951Z,"off the coast of Aisen, Chile",earthquake,,,,,automatic,gcmt,gcmt
2010-06-06T18:33:44.000Z,-57.25,-141.75,10,5.3,mwc,,,,,gcmt,gcmtc201006061833a,2016-11-10T02:29:14.286Z,"Pacific-Antarctic Ridge",earthquake,,,,,automatic,gcmt,gcmt
2010-07-03T00:37:28.000Z,-9.75,66.25,10,5.1,mwc,,,,,gcmt,gcmtc201007030037a,2016-11-10T02:30:17.705Z,"Mid-Indian Ridge",earthquake,,,,,automatic,gcmt,gcmt
2010-07-03T20:23:04.000Z,-3.5,149.5,10,5,mwc,,,,,gcmt,gcmtc201007032023a,2016-11-10T02:30:20.265Z,"Bismarck Sea",earthquake,,,,,automatic,gcmt,gcmt
2010-07-20T11:06:08.000Z,-55.5,-128.5,10,5,mwc,,,,,gcmt,gcmtc201007201106a,2016-11-10T02:30:52.505Z,"Pacific-Antarctic Ridge",earthquake,,,,,automatic,gcmt,gcmt
2010-08-02T00:07:36.000Z,-54.25,-2.75,10,5,mwc,,,,,gcmt,gcmtc201008020007a,2016-11-10T02:31:20.803Z,"southern Mid-Atlantic Ridge",earthquake,,,,,automatic,gcmt,gcmt
2010-08-09T21:51:44.000Z,-55.25,-130.75,10,4.9,mwc,,,,,gcmt,gcmtc201008092151a,2016-11-10T02:31:38.420Z,"Pacific-Antarctic Ridge",earthquake,,,,,automatic,gcmt,gcmt
2010-09-10T02:40:24.000Z,-62.25,154.25,10,5,mwc,,,,,gcmt,gcmtc201009100240a,2016-11-10T02:32:54.526Z,"Balleny Islands region",earthquake,,,,,automatic,gcmt,gcmt
2010-09-26T16:40:16.000Z,-35,-111,10,4.9,mwc,,,,,gcmt,gcmtc201009261640a,2016-11-10T02:33:38.839Z,"southern East Pacific Rise",earthquake,,,,,automatic,gcmt,gcmt
2010-10-08T16:39:12.000Z,23.75,123.25,10,4.9,mwc,,,,,gcmt,gcmtc201010081639a,2016-11-10T02:34:29.817Z,"southwestern Ryukyu Islands, Japan",earthquake,,,,,automatic,gcmt,gcmt
2010-10-13T19:20:16.000Z,-41.5,-91.5,10,5.1,mwc,,,,,gcmt,gcmtc201010131920a,2016-11-10T02:34:42.082Z,"southeast of Easter Island",earthquake,,,,,automatic,gcmt,gcmt
2010-10-13T21:16:16.000Z,27.25,-44.75,10,4.8,mwc,,,,,gcmt,gcmtc201010132116a,2016-11-10T02:34:42.721Z,"northern Mid-Atlantic Ridge",earthquake,,,,,automatic,gcmt,gcmt
2010-10-16T11:31:44.000Z,-61.25,154.25,10,4.9,mwc,,,,,gcmt,gcmtc201010161131a,2016-11-10T02:34:47.213Z,"Balleny Islands region",earthquake,,,,,automatic,gcmt,gcmt
2010-10-19T11:16:40.000Z,-23.75,-115.25,10,5,mwc,,,,,gcmt,gcmtc201010191116a,2016-11-10T02:34:54.747Z,"southern East Pacific Rise",earthquake,,,,,automatic,gcmt,gcmt
2010-10-20T00:06:56.000Z,-57.75,-148.25,10,4.9,mwc,,,,,gcmt,gcmtc201010200006a,2016-11-10T02:34:56.663Z,"Pacific-Antarctic Ridge",earthquake,,,,,automatic,gcmt,gcmt
2010-11-01T09:38:08.000Z,-24.25,-111.75,10,4.9,mwc,,,,,gcmt,gcmtc201011010938a,2016-11-10T02:35:34.178Z,"Easter Island region",earthquake,,,,,automatic,gcmt,gcmt
2010-11-29T18:47:12.000Z,1.25,-28.75,10,5,mwc,,,,,gcmt,gcmtc201011291847a,2016-11-10T02:36:48.079Z,"central Mid-Atlantic Ridge",earthquake,,,,,automatic,gcmt,gcmt
2010-12-16T17:07:44.000Z,7.25,-81.75,10,4.8,mwc,,,,,gcmt,gcmtc201012161707a,2016-11-10T02:37:28.281Z,"Panama",earthquake,,,,,automatic,gcmt,gcmt
2010-12-21T07:36:24.000Z,-16.75,-177.25,10,4.9,mwc,,,,,gcmt,gcmtc201012210736a,2016-11-10T02:37:41.378Z,"Fiji region",earthquake,,,,,automatic,gcmt,gcmt
2010-12-22T06:08:56.000Z,-20.75,173.75,10,5.1,mwc,,,,,gcmt,gcmtc201012220608a,2016-11-10T02:37:45.979Z,"Vanuatu region",earthquake,,,,,automatic,gcmt,gcmt
2014-09-28T04:42:09.300Z,46.8833,-112.5393,17.5,3.6,mc,68,79.1999936640005,0.1913412,0.33,mb,mb14486031,2015-01-30T00:52:19.460Z,"13km SE of Lincoln, Montana",earthquake,0.7,0.6,0.5,3,automatic,mb,mb
2014-12-01T15:13:45.400Z,47.9475,-114.8878,8.6,3.5,mc,32,93.5999925120006,0.1176793,0.27,mb,mb14472169,2020-04-01T02:29:32.740Z,"50km WSW of Kalispell, Montana",earthquake,1,1,0.5,3,automatic,mb,mb
2015-10-13T16:34:10.000Z,63.1261,-152.6337,100,3.5,ml,,,,,ak,ak11738696,2015-10-14T00:36:36.728Z,"151km E of McGrath, Alaska",earthquake,,,,,automatic,ak,ak
2016-01-17T02:53:55.000Z,59.9212,-141.6139,6.4,3.8,ml,,,,0.9,ak,ak12463764,2016-01-17T03:30:25.762Z,"48km ESE of Cape Yakataga, Alaska",earthquake,0.5,0.2,,,automatic,ak,ak
2016-11-25T12:31:07.240Z,59.3149,-153.7868,219,3.7,ml,,,,1,ak,ak14418993,2016-11-25T12:43:11.520Z,"80km SE of Old Iliamna, Alaska",earthquake,,2.5,,,automatic,ak,ak
2017-02-28T23:48:26.979Z,61.3142,-140.4181,30,3.6,ml,,,,0.76,ak,ak15424086,2017-02-28T23:53:25.725Z,"169km WNW of Haines Junction, Canada",earthquake,,0.4,,,automatic,ak,ak
2017-06-15T00:17:33.293Z,60.1508,-152.444,93.3,3.7,ml,,,,0.91,ak,ak16186702,2017-06-15T00:38:29.934Z,"40km SSE of Redoubt Volcano, Alaska",earthquake,,0.6,,,automatic,ak,ak
2017-09-19T20:36:51.703Z,57.8969,-156.4847,244.9,3.6,ml,,,,0.78,ak,ak16859292,2017-09-19T23:34:59.276Z,"88km S of King Salmon, Alaska",earthquake,,1.4,,,automatic,ak,ak
2017-10-12T02:35:19.211Z,61.5591,-141.3379,0,3.5,ml,,,,0.77,ak,ak17018475,2017-10-12T02:39:50.489Z,"164km E of Chitina, Alaska",earthquake,,0.3,,,automatic,ak,ak
2018-02-07T00:18:42.963Z,61.7028,-150.2399,100,3.8,ml,,,,1.07,ak,ak18384001,2018-02-09T09:52:54.830Z,"11km WSW of Willow, Alaska",earthquake,,11.9,,,automatic,ak,ak
2018-03-03T03:30:18.419Z,60.8012,-149.6051,100.2,3.7,ml,,,,0.72,ak,ak18577368,2018-04-06T22:28:13.631Z,"49km SSE of Anchorage, Alaska",earthquake,,1.4,,,automatic,ak,ak
2018-07-03T17:35:38.699Z,63.2578,-151.6443,99.9,3.5,ml,,,,0.77,ak,ak19836473,2018-07-03T17:40:43.846Z,"130km NW of Talkeetna, Alaska",earthquake,,5,,,automatic,ak,ak
2018-08-12T23:59:49.606Z,69.6159,-144.1907,0,4.4,ml,,,,0.85,ak,ak20087083,2018-10-17T18:11:52.040Z,"70km SSW of Kaktovik, Alaska",earthquake,,0.9,,,automatic,ak,ak
2018-10-22T06:19:11.998Z,59.7665,-138.9433,1.1,3.9,ml,,,,0.77,ak,ak20288664,2018-10-22T06:21:58.042Z,"50km ENE of Yakutat, Alaska",earthquake,,1.7,,,automatic,ak,ak
2019-02-18T03:42:04.728Z,51.7054,-179.9963,183.3,4.8,mb,,,,0.81,ak,ak019293dbh5,2019-02-18T03:50:18.402Z,"38km SE of Semisopochnoi Island, Alaska",earthquake,,3.8,,,automatic,ak,ak
2019-02-23T12:54:02.167Z,66.2875,-156.9759,38.2,3.5,ml,,,,0.69,ak,ak0192hihfd0,2019-05-11T17:40:47.040Z,"67km SSW of Kobuk, Alaska",earthquake,,6.8,,,automatic,ak,ak
2019-07-21T01:18:33.780Z,32.2998352,-115.3243332,16.73,3.59,mlr,36,165,0.1204,0.35,ci,ci38614159,2020-01-12T06:46:15.322Z,"14km WSW of Delta, B.C., MX",earthquake,0.79,1.67,0.323,17,automatic,ci,ci
2020-05-24T09:21:19.300Z,39.2108,-118.389,4.7,3.5,ml,10,310.97,0.94,0.3,nn,nn00733012,2020-05-24T09:28:54.017Z,"44km SE of Fallon, Nevada",earthquake,,14.9,,,automatic,nn,nn
